iter	Logloss
0	0.6268983611
1	0.5616068725
2	0.5076149667
3	0.4622553434
4	0.4271156393
