iter	Logloss
0	0.6122869216
1	0.5490353929
2	0.4966911686
3	0.4536721803
4	0.4207768169
